model_key,prompt,stage,lpips_mean,lpips_std,num_pairs
sd-turbo,car,stage1,0.6192965370416641,0.04560754534355232,500
sd-turbo,car,stage2,0.6185849281549454,0.037824388697873544,500
sd-turbo,caucasian male,stage1,0.5977903339266777,0.07496091096404803,500
sd-turbo,caucasian male,stage2,0.6028443763852119,0.07900047074930522,500
sd-turbo,city landscape,stage1,0.6080894165039062,0.035344344585906524,500
sd-turbo,city landscape,stage2,0.6115787533521653,0.03249340931500782,500
sd-turbo,northern lights,stage1,0.6521128910779953,0.0324373164545213,500
sd-turbo,northern lights,stage2,0.6780374264717102,0.031694150406664894,500
sd-turbo,television with show playing,stage1,0.6493350890874863,0.04685128971038979,500
sd-turbo,television with show playing,stage2,0.6636263192892075,0.039436366092111874,500
sdxl-turbo,car,stage1,0.6254941540956497,0.04858367691004951,500
sdxl-turbo,car,stage2,0.6634989250898361,0.04896314793866351,500
sdxl-turbo,caucasian male,stage1,0.5598728975653648,0.10151503796201769,500
sdxl-turbo,caucasian male,stage2,0.5871801875829696,0.09753887550432397,500
sdxl-turbo,city landscape,stage1,0.5650912808179855,0.03673070843873573,500
sdxl-turbo,city landscape,stage2,0.5978682172894478,0.0482053121885587,500
sdxl-turbo,northern lights,stage1,0.5414723963141441,0.05809748280947345,500
sdxl-turbo,northern lights,stage2,0.5357679707407952,0.054027271846789335,500
sdxl-turbo,television with show playing,stage1,0.6746331253051758,0.07066624311864875,500
sdxl-turbo,television with show playing,stage2,0.6868904092907906,0.06955386158532373,500
dreamshaper-lcm,car,stage1,0.6514378775954246,0.05285165175257227,500
dreamshaper-lcm,car,stage2,0.6847039473056793,0.04891817368631606,500
dreamshaper-lcm,caucasian male,stage1,0.523816879093647,0.045809861971923826,500
dreamshaper-lcm,caucasian male,stage2,0.5447299721240997,0.05787550929002452,500
dreamshaper-lcm,city landscape,stage1,0.6194103960990905,0.03774583974922058,500
dreamshaper-lcm,city landscape,stage2,0.6527048032283783,0.03727886318883151,500
dreamshaper-lcm,northern lights,stage1,0.6947033696174622,0.03980119221819,500
dreamshaper-lcm,northern lights,stage2,0.7417021068334579,0.03978593707517513,500
dreamshaper-lcm,television with show playing,stage1,0.5896084172129631,0.0444357497188918,500
dreamshaper-lcm,television with show playing,stage2,0.6275637740492821,0.04336782986039389,500
