model_key,prompt,lpips_mean,lpips_std,num_pairs
sd-turbo,car,0.6192965370416641,0.04560754534355232,500
sd-turbo,caucasian male,0.5977903339266777,0.07496091096404803,500
sd-turbo,city landscape,0.6080894165039062,0.035344344585906524,500
sd-turbo,northern lights,0.6521128910779953,0.0324373164545213,500
sd-turbo,television with show playing,0.6493350890874863,0.04685128971038979,500
sdxl-turbo,car,0.6254941540956497,0.04858367691004951,500
sdxl-turbo,caucasian male,0.5598728975653648,0.10151503796201769,500
sdxl-turbo,city landscape,0.565129266500473,0.036690314950874575,500
sdxl-turbo,northern lights,0.5414723963141441,0.05809748280947345,500
sdxl-turbo,television with show playing,0.6746331253051758,0.07066624311864875,500
dreamshaper-lcm,car,0.6514378775954246,0.05285165175257227,500
dreamshaper-lcm,caucasian male,0.523816879093647,0.045809861971923826,500
dreamshaper-lcm,city landscape,0.6194103960990905,0.03774583974922058,500
dreamshaper-lcm,northern lights,0.6947033696174622,0.03980119221819,500
dreamshaper-lcm,television with show playing,0.5896084172129631,0.0444357497188918,500
